"id","rolling_id","club_id","device_id","camera_id","club_domicile","club_adverse","nom_video","date_debut","date_fin","duration_seconds","status","last_rolling_at","last_file_found_at","last_file_name","final_gcs_path","final_public_url","error_message","created_at","updated_at","engine","state","hik_task_id","export_begin_iso","export_end_iso","cam_offset","voice_switch","attempts","next_action_at","dismissed_at","thumbnail_generated","thumb_json","download_url","auto_timeout","device_serial","live_url","stop_requested","execution_name","capture_started_at","heartbeat_at","temp_gcs_path"
"aa57dfec-5602-4390-8635-f7421731b09a","fc44afb6ccccfd41e475","bcd12b65-a5e1-4c4c-bc8c-f89ec67e5d2a","f2673f422d8e4830b5a3be77c39cfdf2","d02da586e1174bb3b0c077971e565589","FOOTBALL CLUB MIRAMAS","FOOTBALL CLUB MIRAMAS","0 - 3 FOOTBALL CLUB MIRAMAS","2026-06-18T12:57:13Z","","","EN_COURS","","","","FOOTBALL CLUB MIRAMAS/FOOTBALL CLUB MIRAMAS 0 - 3 FOOTBALL CLUB MIRAMAS.mp4","","","2026-06-18T12:57:14.085227Z","2026-06-18T15:25:34.001533Z","hls","RECORDING","","2026-06-18T14:57:13+02:00","","+02:00","","0","","","false","{""label"": ""FOOTBALL CLUB MIRAMAS 0 - 3 FOOTBALL CLUB MIRAMAS"", ""directory"": ""FOOTBALL CLUB MIRAMAS"", ""awayLogoUrl"": ""https://cdn-transverse.azureedge.net/phlogos/BC582589.jpg"", ""homeLogoUrl"": ""https://cdn-transverse.azureedge.net/phlogos/BC582589.jpg"", ""combinedFilename"": ""0 - 3 FOOTBALL CLUB MIRAMAS""}","","true","FX4061100","https://vtmcdsfra.ezvizlife.com:8883/v3/openlive/FX4061100_1_1.m3u8?expire=1781794633&id=987823324331479040&c=e260249058&t=37fa12a43afe3db59b5406d9c30826f4b3660bbd73bcc7e60bf24408147a3e37&ev=100&u=85ec87174de344eab481fb45d7dd0711","true","projects/ia-sport/locations/europe-west9/jobs/iasv-recorder/executions/iasv-recorder-2j2gb","2026-06-18T12:57:14.455169Z","2026-06-18T14:57:36.953847Z","tmp/hikconnect/hls/fc44afb6ccccfd41e475.mp4"
"81a937eb-dbf5-4885-a1fe-6f9c8ce7b4b1","c008cef3ff29d35e2fb3","bcd12b65-a5e1-4c4c-bc8c-f89ec67e5d2a","f2673f422d8e4830b5a3be77c39cfdf2","d02da586e1174bb3b0c077971e565589","FOOTBALL CLUB MIRAMAS","FOOTBALL CLUB MIRAMAS","FOOTBALL CLUB MIRAMAS 0 - 2 FOOTBALL CLUB MIRAMAS.mp4","2026-06-18T12:13:03Z","2026-06-18T12:56:27Z","2604","COMPLET","","","","FOOTBALL CLUB MIRAMAS/FOOTBALL CLUB MIRAMAS 0 - 2 FOOTBALL CLUB MIRAMAS.mp4","https://storage.googleapis.com/ia-sport.appspot.com/FOOTBALL%20CLUB%20MIRAMAS/FOOTBALL%20CLUB%20MIRAMAS%200%20-%202%20FOOTBALL%20CLUB%20MIRAMAS.mp4","","2026-06-18T12:13:04.310883Z","2026-06-18T12:56:45.088124Z","hls","COMPLETED","","2026-06-18T14:13:03+02:00","","+02:00","","0","","","true","{""label"": ""FOOTBALL CLUB MIRAMAS 0 - 2 FOOTBALL CLUB MIRAMAS"", ""directory"": ""FOOTBALL CLUB MIRAMAS"", ""awayLogoUrl"": ""https://cdn-transverse.azureedge.net/phlogos/BC582589.jpg"", ""homeLogoUrl"": ""https://cdn-transverse.azureedge.net/phlogos/BC582589.jpg"", ""combinedFilename"": ""0 - 2 FOOTBALL CLUB MIRAMAS.png""}","","false","FX4061100","https://vtmcdsfra.ezvizlife.com:8883/v3/openlive/FX4061100_1_1.m3u8?expire=1781791983&id=987812211863691264&c=e260249058&t=8d100ba50fcba3d236df649ba204fef4b3413f14fa3f812ba99951a2076ea85d&ev=100&u=04056e469a104ff99834713b43567d13","true","projects/ia-sport/locations/europe-west9/jobs/iasv-recorder/executions/iasv-recorder-jkhvg","2026-06-18T12:13:04.701774Z","2026-06-18T12:56:44.471252Z","tmp/hikconnect/hls/c008cef3ff29d35e2fb3.mp4"
"19fb3804-0401-41b8-8d64-ce0f319b791f","29c6f434f1e90840ee9a","bcd12b65-a5e1-4c4c-bc8c-f89ec67e5d2a","f2673f422d8e4830b5a3be77c39cfdf2","d02da586e1174bb3b0c077971e565589","FOOTBALL CLUB MIRAMAS","FOOTBALL CLUB MIRAMAS","FOOTBALL CLUB MIRAMAS 0 - 0 FOOTBALL CLUB MIRAMAS.mp4","2026-06-18T11:49:56Z","2026-06-18T12:12:22Z","1346","COMPLET","","","","FOOTBALL CLUB MIRAMAS/FOOTBALL CLUB MIRAMAS 0 - 0 FOOTBALL CLUB MIRAMAS.mp4","https://storage.googleapis.com/ia-sport.appspot.com/FOOTBALL%20CLUB%20MIRAMAS/FOOTBALL%20CLUB%20MIRAMAS%200%20-%200%20FOOTBALL%20CLUB%20MIRAMAS.mp4","","2026-06-18T11:49:56.161691Z","2026-06-18T12:12:34.421957Z","hls","COMPLETED","","2026-06-18T13:49:56+02:00","","+02:00","","0","","","true","{""label"": ""FOOTBALL CLUB MIRAMAS 0 - 0 FOOTBALL CLUB MIRAMAS"", ""directory"": ""FOOTBALL CLUB MIRAMAS"", ""awayLogoUrl"": ""https://cdn-transverse.azureedge.net/phlogos/BC582589.jpg"", ""homeLogoUrl"": ""https://cdn-transverse.azureedge.net/phlogos/BC582589.jpg"", ""combinedFilename"": ""0 - 0 FOOTBALL CLUB MIRAMAS.png""}","","false","FX4061100","https://vtmcdsfra.ezvizlife.com:8883/v3/openlive/FX4061100_1_1.m3u8?expire=1781790595&id=987806388447240192&c=e260249058&t=35a0595195a547f0e75eb79f96594a187fb6353ad273dd986d5c69bcc59a34bd&ev=100&u=b0675a976f51407aaadfa6b956b13ef1","true","projects/ia-sport/locations/europe-west9/jobs/iasv-recorder/executions/iasv-recorder-z5cpw","2026-06-18T11:49:56.552523Z","2026-06-18T12:12:26.10216Z","tmp/hikconnect/hls/29c6f434f1e90840ee9a.mp4"
"c0eb40c1-592e-4b56-ab6c-e938c716a26f","95eaa899808a2f63689d","bcd12b65-a5e1-4c4c-bc8c-f89ec67e5d2a","f2673f422d8e4830b5a3be77c39cfdf2","d02da586e1174bb3b0c077971e565589","FOOTBALL CLUB MIRAMAS","FOOTBALL CLUB MIRAMAS","FOOTBALL CLUB MIRAMAS 0 - 1 FOOTBALL CLUB MIRAMAS.mp4","2026-06-18T11:48:43Z","2026-06-18T11:49:17Z","34","COMPLET","","","","FOOTBALL CLUB MIRAMAS/FOOTBALL CLUB MIRAMAS 0 - 1 FOOTBALL CLUB MIRAMAS.mp4","https://storage.googleapis.com/ia-sport.appspot.com/FOOTBALL%20CLUB%20MIRAMAS/FOOTBALL%20CLUB%20MIRAMAS%200%20-%201%20FOOTBALL%20CLUB%20MIRAMAS.mp4","","2026-06-18T11:48:43.692923Z","2026-06-18T11:49:28.221771Z","hls","COMPLETED","","2026-06-18T13:48:43+02:00","","+02:00","","0","","","true","{""label"": ""FOOTBALL CLUB MIRAMAS 0 - 1 FOOTBALL CLUB MIRAMAS"", ""directory"": ""FOOTBALL CLUB MIRAMAS"", ""awayLogoUrl"": ""https://cdn-transverse.azureedge.net/phlogos/BC582589.jpg"", ""homeLogoUrl"": ""https://cdn-transverse.azureedge.net/phlogos/BC582589.jpg"", ""combinedFilename"": ""0 - 1 FOOTBALL CLUB MIRAMAS.png""}","","false","FX4061100","https://vtmcdsfra.ezvizlife.com:8883/v3/openlive/FX4061100_1_1.m3u8?expire=1781790523&id=987806084375531520&c=e260249058&t=cdc20b26adb95a16fa4075e669dabb40a3103bfe3a9da9df5b4e56e0b94fdfca&ev=100&u=0193cda9153b4defb93c1789e0f4bc5b","true","projects/ia-sport/locations/europe-west9/jobs/iasv-recorder/executions/iasv-recorder-zt7zb","2026-06-18T11:48:44.155125Z","2026-06-18T11:49:19.958385Z","tmp/hikconnect/hls/95eaa899808a2f63689d.mp4"
"420c066f-bbbf-4736-9048-259ab64705f9","6da2af8f1555513983da","bcd12b65-a5e1-4c4c-bc8c-f89ec67e5d2a","f2673f422d8e4830b5a3be77c39cfdf2","d02da586e1174bb3b0c077971e565589","FOOTBALL CLUB MIRAMAS","FOOTBALL CLUB MIRAMAS","FOOTBALL CLUB MIRAMAS 0 - 3 FOOTBALL CLUB MIRAMAS.mp4","2026-06-16T10:03:01Z","2026-06-16T10:03:15Z","14","COMPLET","","","","FOOTBALL CLUB MIRAMAS/FOOTBALL CLUB MIRAMAS 0 - 3 FOOTBALL CLUB MIRAMAS.mp4","https://storage.googleapis.com/ia-sport.appspot.com/FOOTBALL%20CLUB%20MIRAMAS/FOOTBALL%20CLUB%20MIRAMAS%200%20-%203%20FOOTBALL%20CLUB%20MIRAMAS.mp4","","2026-06-16T10:03:04.007877Z","2026-06-16T10:03:20.705725Z","hls","COMPLETED","","2026-06-16T12:03:01+02:00","","+02:00","","0","","","true","{""label"": ""FOOTBALL CLUB MIRAMAS 0 - 3 FOOTBALL CLUB MIRAMAS"", ""directory"": ""FOOTBALL CLUB MIRAMAS"", ""awayLogoUrl"": ""https://cdn-transverse.azureedge.net/phlogos/BC582589.jpg"", ""homeLogoUrl"": ""https://cdn-transverse.azureedge.net/phlogos/BC582589.jpg"", ""combinedFilename"": ""0 - 3 FOOTBALL CLUB MIRAMAS.png""}","","false","FX4061100","https://vtmcdsfra.ezvizlife.com:8883/v3/openlive/FX4061100_1_1.m3u8?expire=1781611383&id=987054719280746496&c=e260249058&t=8937f259df7fcabe2648d0050f45308ce9e2d625357a89d5c289e83856ce0c43&ev=100&u=edfd4684475c4c28be7b0204787751b6","true","projects/ia-sport/locations/europe-west9/jobs/iasv-recorder/executions/iasv-recorder-sxhww","2026-06-16T10:03:04.371562Z","2026-06-16T10:03:19.1632Z","tmp/hikconnect/hls/6da2af8f1555513983da.mp4"
"8d487575-36fb-4498-b267-4754b3de5c41","98e51df0afaffb6ab90b","bcd12b65-a5e1-4c4c-bc8c-f89ec67e5d2a","f2673f422d8e4830b5a3be77c39cfdf2","d02da586e1174bb3b0c077971e565589","FOOTBALL CLUB MIRAMAS","FOOTBALL CLUB MIRAMAS","FOOTBALL CLUB MIRAMAS 0 - 0 FOOTBALL CLUB MIRAMAS.mp4","2026-06-16T07:52:17Z","2026-06-16T10:01:15Z","","INTERROMPU","","","","FOOTBALL CLUB MIRAMAS/FOOTBALL CLUB MIRAMAS 0 - 0 FOOTBALL CLUB MIRAMAS.mp4","","Remplacé par un nouvel enregistrement","2026-06-16T07:52:19.4638Z","2026-06-16T10:03:03.933522Z","hls","FAILED","","2026-06-16T09:52:17+02:00","","+02:00","","0","","","true","{""label"": ""FOOTBALL CLUB MIRAMAS 0 - 0 FOOTBALL CLUB MIRAMAS"", ""directory"": ""FOOTBALL CLUB MIRAMAS"", ""awayLogoUrl"": ""https://cdn-transverse.azureedge.net/phlogos/BC582589.jpg"", ""homeLogoUrl"": ""https://cdn-transverse.azureedge.net/phlogos/BC582589.jpg"", ""combinedFilename"": ""0 - 0 FOOTBALL CLUB MIRAMAS.png""}","","false","FX4061100","https://vtmcdsfra.ezvizlife.com:8883/v3/openlive/FX4061100_1_1.m3u8?expire=1781603539&id=987021816889724928&c=e260249058&t=0710a41c47b7b27a68abf7da2f541d3e4dd26b9cb977bc2fe78c9dd49656998c&ev=100&u=8cd696577fe94ed39737cf50bc096d05","true","projects/ia-sport/locations/europe-west9/jobs/iasv-recorder/executions/iasv-recorder-rs74g","2026-06-16T07:52:19.879964Z","2026-06-16T09:52:12.623617Z","tmp/hikconnect/hls/98e51df0afaffb6ab90b.mp4"
"56262b16-8656-4c09-96fe-5cbd28444368","41dcdc9f9a1c69349879","bcd12b65-a5e1-4c4c-bc8c-f89ec67e5d2a","f2673f422d8e4830b5a3be77c39cfdf2","d02da586e1174bb3b0c077971e565589","FOOTBALL CLUB MIRAMAS","FOOTBALL CLUB MIRAMAS","0 - 1 FOOTBALL CLUB MIRAMAS","2026-06-16T04:49:27Z","2026-06-16T06:49:59.41531Z","7232","TIMEOUT","","","","FOOTBALL CLUB MIRAMAS/FOOTBALL CLUB MIRAMAS 0 - 1 FOOTBALL CLUB MIRAMAS.mp4","https://storage.googleapis.com/ia-sport.appspot.com/FOOTBALL%20CLUB%20MIRAMAS/FOOTBALL%20CLUB%20MIRAMAS%200%20-%201%20FOOTBALL%20CLUB%20MIRAMAS.mp4","","2026-06-16T04:49:29.543396Z","2026-06-16T06:49:59.41531Z","hls","COMPLETED","","2026-06-16T06:49:27+02:00","","+02:00","","0","","","false","{""label"": ""FOOTBALL CLUB MIRAMAS 0 - 1 FOOTBALL CLUB MIRAMAS"", ""directory"": ""FOOTBALL CLUB MIRAMAS"", ""awayLogoUrl"": ""https://cdn-transverse.azureedge.net/phlogos/BC582589.jpg"", ""homeLogoUrl"": ""https://cdn-transverse.azureedge.net/phlogos/BC582589.jpg"", ""combinedFilename"": ""0 - 1 FOOTBALL CLUB MIRAMAS""}","","false","FX4061100","https://vtmcdsfra.ezvizlife.com:8883/v3/openlive/FX4061100_1_1.m3u8?expire=1781592569&id=986975805734690816&c=e260249058&t=1856dffa928d3c3578225a6cd43234ceeca71c35b8b1ba9141c264b739ad2d00&ev=100&u=e49162f76b2544dfabc5fb1a4d279497","false","projects/ia-sport/locations/europe-west9/jobs/iasv-recorder/executions/iasv-recorder-mf7pn","2026-06-16T04:49:29.985295Z","2026-06-16T06:49:24.160358Z","tmp/hikconnect/hls/41dcdc9f9a1c69349879.mp4"
"6ef50b05-39dd-4279-ad6b-3bf1b22ad577","68eea320e4b1600b7364","bcd12b65-a5e1-4c4c-bc8c-f89ec67e5d2a","f2673f422d8e4830b5a3be77c39cfdf2","d02da586e1174bb3b0c077971e565589","FOOTBALL CLUB MIRAMAS","FOOTBALL CLUB MIRAMAS","FOOTBALL CLUB MIRAMAS 0 - 0 FOOTBALL CLUB MIRAMAS.mp4","2026-06-15T22:38:07Z","2026-06-16T00:09:01Z","5454","COMPLET","","","","FOOTBALL CLUB MIRAMAS/FOOTBALL CLUB MIRAMAS 0 - 0 FOOTBALL CLUB MIRAMAS.mp4","https://storage.googleapis.com/ia-sport.appspot.com/FOOTBALL%20CLUB%20MIRAMAS/FOOTBALL%20CLUB%20MIRAMAS%200%20-%200%20FOOTBALL%20CLUB%20MIRAMAS.mp4","","2026-06-15T22:38:09.344929Z","2026-06-16T00:09:36.457678Z","hls","COMPLETED","","2026-06-16T00:38:07+02:00","","+02:00","","0","","","true","{""label"": ""FOOTBALL CLUB MIRAMAS 0 - 0 FOOTBALL CLUB MIRAMAS"", ""directory"": ""FOOTBALL CLUB MIRAMAS"", ""awayLogoUrl"": ""https://cdn-transverse.azureedge.net/phlogos/BC582589.jpg"", ""homeLogoUrl"": ""https://cdn-transverse.azureedge.net/phlogos/BC582589.jpg"", ""combinedFilename"": ""0 - 0 FOOTBALL CLUB MIRAMAS.png""}","","false","FX4061100","https://vtmcdsfra.ezvizlife.com:8883/v3/openlive/FX4061100_1_1.m3u8?expire=1781570289&id=986882355905851392&c=e260249058&t=666ff781ada510c90744e470e37b6336e5cab1522b6635bfc4f1d0b5e179c9f3&ev=100&u=1580dacd9b0f4b5db9e24ec6225be68c","true","projects/ia-sport/locations/europe-west9/jobs/iasv-recorder/executions/iasv-recorder-xwjl9","2026-06-15T22:38:09.778113Z","2026-06-16T00:09:10.988693Z","tmp/hikconnect/hls/68eea320e4b1600b7364.mp4"
"fcc6b800-e418-4b3d-9b5e-5c12b761f0a6","399a6bfe5189fe82fa81","bcd12b65-a5e1-4c4c-bc8c-f89ec67e5d2a","f2673f422d8e4830b5a3be77c39cfdf2","d02da586e1174bb3b0c077971e565589","FOOTBALL CLUB MIRAMAS","FOOTBALL CLUB MIRAMAS","FOOTBALL CLUB MIRAMAS 0 - 0 FOOTBALL CLUB MIRAMAS.mp4","2026-06-15T13:02:37Z","2026-06-15T14:33:06Z","5429","INTERROMPU","","","","FOOTBALL CLUB MIRAMAS/FOOTBALL CLUB MIRAMAS 0 - 0 FOOTBALL CLUB MIRAMAS.mp4","","FINALIZATION_FAILED (faststart): Faststart échoué (code=null)","2026-06-15T13:02:40.625814Z","2026-06-15T14:33:19.644436Z","hls","FAILED","","2026-06-15T15:02:37+02:00","","+02:00","","0","","","true","{""label"": ""FOOTBALL CLUB MIRAMAS 0 - 0 FOOTBALL CLUB MIRAMAS"", ""directory"": ""FOOTBALL CLUB MIRAMAS"", ""awayLogoUrl"": ""https://cdn-transverse.azureedge.net/phlogos/BC582589.jpg"", ""homeLogoUrl"": ""https://cdn-transverse.azureedge.net/phlogos/BC582589.jpg"", ""combinedFilename"": ""0 - 0 FOOTBALL CLUB MIRAMAS.png""}","","false","FX4061100","https://vtmcdsfra.ezvizlife.com:8883/v3/openlive/FX4061100_1_1.m3u8?expire=1781535760&id=986737531694411776&c=e260249058&t=32d4c60cbf996bae40793284114ee57e0cc5b2a1b38a411e5bda0a920978bf30&ev=100&u=f5278460715d40c58a36202b3bf6aa71","true","projects/ia-sport/locations/europe-west9/jobs/iasv-recorder/executions/iasv-recorder-8rfwh","2026-06-15T13:02:41.162414Z","2026-06-15T14:33:15.757151Z","tmp/hikconnect/hls/399a6bfe5189fe82fa81.mp4"
"3826ba9e-3e1f-4ea7-859b-68020adaaa3f","0dbb69d00dc092ee1d60","bcd12b65-a5e1-4c4c-bc8c-f89ec67e5d2a","f2673f422d8e4830b5a3be77c39cfdf2","d02da586e1174bb3b0c077971e565589","FOOTBALL CLUB MIRAMAS","FOOTBALL CLUB MIRAMAS","FOOTBALL CLUB MIRAMAS 0 - 5 FOOTBALL CLUB MIRAMAS.mp4","2026-06-15T11:59:03Z","2026-06-15T13:00:01Z","3658","COMPLET","","","","FOOTBALL CLUB MIRAMAS/FOOTBALL CLUB MIRAMAS 0 - 5 FOOTBALL CLUB MIRAMAS.mp4","https://storage.googleapis.com/ia-sport.appspot.com/FOOTBALL%20CLUB%20MIRAMAS/FOOTBALL%20CLUB%20MIRAMAS%200%20-%205%20FOOTBALL%20CLUB%20MIRAMAS.mp4","","2026-06-15T11:59:06.347072Z","2026-06-15T13:00:23.935064Z","hls","COMPLETED","","2026-06-15T13:59:03+02:00","","+02:00","","0","","","true","{""label"": ""FOOTBALL CLUB MIRAMAS 0 - 5 FOOTBALL CLUB MIRAMAS"", ""directory"": ""FOOTBALL CLUB MIRAMAS"", ""awayLogoUrl"": ""https://cdn-transverse.azureedge.net/phlogos/BC582589.jpg"", ""homeLogoUrl"": ""https://cdn-transverse.azureedge.net/phlogos/BC582589.jpg"", ""combinedFilename"": ""0 - 5 FOOTBALL CLUB MIRAMAS.png""}","","false","FX4061100","https://vtmcdsfra.ezvizlife.com:8883/v3/openlive/FX4061100_1_1.m3u8?expire=1781531946&id=986721533634113536&c=e260249058&t=02a26b4937fc33b6ac9c3e255ef756b402b6753612420a4067c3583115a9d99e&ev=100&u=89a8d7fc82a44a99b3ea5b6369c92301","true","projects/ia-sport/locations/europe-west9/jobs/iasv-recorder/executions/iasv-recorder-fwzks","2026-06-15T11:59:06.762927Z","2026-06-15T13:00:07.185927Z","tmp/hikconnect/hls/0dbb69d00dc092ee1d60.mp4"
"a407e17d-bfcb-4583-b13d-74430aaf846c","40ebddf1f6535de86c57","bcd12b65-a5e1-4c4c-bc8c-f89ec67e5d2a","f2673f422d8e4830b5a3be77c39cfdf2","d02da586e1174bb3b0c077971e565589","FOOTBALL CLUB MIRAMAS","FOOTBALL CLUB MIRAMAS","FOOTBALL CLUB MIRAMAS 0 - 4 FOOTBALL CLUB MIRAMAS.mp4","2026-06-15T10:44:21Z","2026-06-15T11:30:27Z","2766","COMPLET","","","","FOOTBALL CLUB MIRAMAS/FOOTBALL CLUB MIRAMAS 0 - 4 FOOTBALL CLUB MIRAMAS.mp4","https://storage.googleapis.com/ia-sport.appspot.com/FOOTBALL%20CLUB%20MIRAMAS/FOOTBALL%20CLUB%20MIRAMAS%200%20-%204%20FOOTBALL%20CLUB%20MIRAMAS.mp4","","2026-06-15T10:44:24.236005Z","2026-06-15T11:30:54.243029Z","hls","COMPLETED","","2026-06-15T12:44:21+02:00","","+02:00","","0","","","true","{""label"": ""FOOTBALL CLUB MIRAMAS 0 - 4 FOOTBALL CLUB MIRAMAS"", ""directory"": ""FOOTBALL CLUB MIRAMAS"", ""awayLogoUrl"": ""https://cdn-transverse.azureedge.net/phlogos/BC582589.jpg"", ""homeLogoUrl"": ""https://cdn-transverse.azureedge.net/phlogos/BC582589.jpg"", ""combinedFilename"": ""0 - 4 FOOTBALL CLUB MIRAMAS.png""}","","false","FX4061100","https://vtmcdsfra.ezvizlife.com:8883/v3/openlive/FX4061100_1_1.m3u8?expire=1781527463&id=986702734109908992&c=e260249058&t=48e356eedb2940542abb1f94f6531fe7e121bd0d84d70291d481481432d7a767&ev=100&u=e5adfc9159b545f78582edfdfb21895a","true","projects/ia-sport/locations/europe-west9/jobs/iasv-recorder/executions/iasv-recorder-8js4q","2026-06-15T10:44:24.667196Z","2026-06-15T11:30:36.715685Z","tmp/hikconnect/hls/40ebddf1f6535de86c57.mp4"
"c1370bb9-f205-428f-9e30-5dc8300b0e69","b61b100bcd6fba38b20f","bcd12b65-a5e1-4c4c-bc8c-f89ec67e5d2a","f2673f422d8e4830b5a3be77c39cfdf2","d02da586e1174bb3b0c077971e565589","FOOTBALL CLUB MIRAMAS","FOOTBALL CLUB MIRAMAS","FOOTBALL CLUB MIRAMAS 0 - 3 FOOTBALL CLUB MIRAMAS.mp4","2026-06-14T21:17:42Z","2026-06-14T21:48:47Z","1865","COMPLET","","","","FOOTBALL CLUB MIRAMAS/FOOTBALL CLUB MIRAMAS 0 - 3 FOOTBALL CLUB MIRAMAS.mp4","https://storage.googleapis.com/ia-sport.appspot.com/FOOTBALL%20CLUB%20MIRAMAS/FOOTBALL%20CLUB%20MIRAMAS%200%20-%203%20FOOTBALL%20CLUB%20MIRAMAS.mp4","","2026-06-14T21:17:44.250878Z","2026-06-14T21:49:02.213978Z","hls","COMPLETED","","2026-06-14T23:17:42+02:00","","+02:00","","0","","","true","{""label"": ""FOOTBALL CLUB MIRAMAS 0 - 3 FOOTBALL CLUB MIRAMAS"", ""directory"": ""FOOTBALL CLUB MIRAMAS"", ""awayLogoUrl"": ""https://cdn-transverse.azureedge.net/phlogos/BC582589.jpg"", ""homeLogoUrl"": ""https://cdn-transverse.azureedge.net/phlogos/BC582589.jpg"", ""combinedFilename"": ""0 - 3 FOOTBALL CLUB MIRAMAS.png""}","","false","FX4061100","https://vtmcdsfra.ezvizlife.com:8883/v3/openlive/FX4061100_1_1.m3u8?expire=1781479063&id=986499729836703744&c=e260249058&t=dd0e8e5168728b8da21173360735c4ffb38a2d8f71618ad6265cf8f36b8f5365&ev=100&u=1ec2a56416a44d2488d8dd5692b27fac","true","projects/ia-sport/locations/europe-west9/jobs/iasv-recorder/executions/iasv-recorder-jzg5g","2026-06-14T21:17:44.622046Z","2026-06-14T21:48:52.132189Z","tmp/hikconnect/hls/b61b100bcd6fba38b20f.mp4"
"e2a0525f-b75b-4dec-82b8-2f24ebe67945","cd5fe26ff313461a0bfe","bcd12b65-a5e1-4c4c-bc8c-f89ec67e5d2a","f2673f422d8e4830b5a3be77c39cfdf2","d02da586e1174bb3b0c077971e565589","FOOTBALL CLUB MIRAMAS","FOOTBALL CLUB MIRAMAS","FOOTBALL CLUB MIRAMAS 0 - 3 FOOTBALL CLUB MIRAMAS.mp4","2026-06-14T17:15:27Z","2026-06-14T17:48:32Z","","INTERROMPU","","","","FOOTBALL CLUB MIRAMAS/FOOTBALL CLUB MIRAMAS 0 - 3 FOOTBALL CLUB MIRAMAS.mp4","","Remplacé par un nouvel enregistrement","2026-06-14T17:15:29.044935Z","2026-06-14T21:17:44.139851Z","hls","FAILED","","2026-06-14T19:15:27+02:00","","+02:00","","0","","","true","{""label"": ""FOOTBALL CLUB MIRAMAS 0 - 3 FOOTBALL CLUB MIRAMAS"", ""directory"": ""FOOTBALL CLUB MIRAMAS"", ""awayLogoUrl"": ""https://cdn-transverse.azureedge.net/phlogos/BC582589.jpg"", ""homeLogoUrl"": ""https://cdn-transverse.azureedge.net/phlogos/BC582589.jpg"", ""combinedFilename"": ""0 - 3 FOOTBALL CLUB MIRAMAS.png""}","","false","FX4061100","https://vtmcdsfra.ezvizlife.com:8883/v3/openlive/FX4061100_1_1.m3u8?expire=1781464528&id=986438765173829632&c=e260249058&t=8accba4c8abe423b0e8ec7560845f11d3e6f3555642e96a46c2823a0aeb001a4&ev=100&u=da11eb8b406b4fada220c31b6cdf57be","true","projects/ia-sport/locations/europe-west9/jobs/iasv-recorder/executions/iasv-recorder-qvc2l","2026-06-14T17:15:29.429005Z","2026-06-14T17:48:38.744348Z","tmp/hikconnect/hls/cd5fe26ff313461a0bfe.mp4"
"25d0b7a6-0b86-4b7f-88b7-939f4968ad61","242fe4feb89bfad7777e","bcd12b65-a5e1-4c4c-bc8c-f89ec67e5d2a","f2673f422d8e4830b5a3be77c39cfdf2","d02da586e1174bb3b0c077971e565589","FOOTBALL CLUB MIRAMAS","FOOTBALL CLUB MIRAMAS","FOOTBALL CLUB MIRAMAS 0 - 2 FOOTBALL CLUB MIRAMAS.mp4","2026-06-14T16:59:21Z","2026-06-14T17:14:39Z","918","COMPLET","","","","FOOTBALL CLUB MIRAMAS/FOOTBALL CLUB MIRAMAS 0 - 2 FOOTBALL CLUB MIRAMAS.mp4","https://storage.googleapis.com/ia-sport.appspot.com/FOOTBALL%20CLUB%20MIRAMAS/FOOTBALL%20CLUB%20MIRAMAS%200%20-%202%20FOOTBALL%20CLUB%20MIRAMAS.mp4","","2026-06-14T16:59:24.041398Z","2026-06-14T17:14:46.647138Z","hls","COMPLETED","","2026-06-14T18:59:21+02:00","","+02:00","","0","","","true","{""label"": ""FOOTBALL CLUB MIRAMAS 0 - 2 FOOTBALL CLUB MIRAMAS"", ""directory"": ""FOOTBALL CLUB MIRAMAS"", ""awayLogoUrl"": ""https://cdn-transverse.azureedge.net/phlogos/BC582589.jpg"", ""homeLogoUrl"": ""https://cdn-transverse.azureedge.net/phlogos/BC582589.jpg"", ""combinedFilename"": ""0 - 2 FOOTBALL CLUB MIRAMAS.png""}","","false","FX4061100","https://vtmcdsfra.ezvizlife.com:8883/v3/openlive/FX4061100_1_1.m3u8?expire=1781463563&id=986434716358619136&c=e260249058&t=fe1953dba80a198e99d76c7907ef07a22ef70da3af8f3b77bfa6c6d676823cdf&ev=100&u=0e3977eae4b54f2c8f982f07c263bdb0","true","projects/ia-sport/locations/europe-west9/jobs/iasv-recorder/executions/iasv-recorder-gfgz4","2026-06-14T16:59:24.408038Z","2026-06-14T17:14:41.533163Z","tmp/hikconnect/hls/242fe4feb89bfad7777e.mp4"
"2910d11a-bba2-472e-82dc-a55cacd2366a","93ffda7b9320835bc0d2","bcd12b65-a5e1-4c4c-bc8c-f89ec67e5d2a","f2673f422d8e4830b5a3be77c39cfdf2","d02da586e1174bb3b0c077971e565589","FOOTBALL CLUB MIRAMAS","FOOTBALL CLUB MIRAMAS","FOOTBALL CLUB MIRAMAS 0 - 1 FOOTBALL CLUB MIRAMAS.mp4","2026-06-14T16:46:11Z","2026-06-14T16:58:44Z","753","COMPLET","","","","FOOTBALL CLUB MIRAMAS/FOOTBALL CLUB MIRAMAS 0 - 1 FOOTBALL CLUB MIRAMAS.mp4","https://storage.googleapis.com/ia-sport.appspot.com/FOOTBALL%20CLUB%20MIRAMAS/FOOTBALL%20CLUB%20MIRAMAS%200%20-%201%20FOOTBALL%20CLUB%20MIRAMAS.mp4","","2026-06-14T16:46:13.246073Z","2026-06-14T16:58:58.593253Z","hls","COMPLETED","","2026-06-14T18:46:11+02:00","","+02:00","","0","","","true","{""label"": ""FOOTBALL CLUB MIRAMAS 0 - 1 FOOTBALL CLUB MIRAMAS"", ""directory"": ""FOOTBALL CLUB MIRAMAS"", ""awayLogoUrl"": ""https://cdn-transverse.azureedge.net/phlogos/BC582589.jpg"", ""homeLogoUrl"": ""https://cdn-transverse.azureedge.net/phlogos/BC582589.jpg"", ""combinedFilename"": ""0 - 1 FOOTBALL CLUB MIRAMAS.png""}","","false","FX4061100","https://vtmcdsfra.ezvizlife.com:8883/v3/openlive/FX4061100_1_1.m3u8?expire=1781462772&id=986431400630104064&c=e260249058&t=ecd45ce66ab23f2c9f59f7b788c7a90ea03840c4e3f5004512e436e8a77407ea&ev=100&u=78efa58a0c2b4c53a3fab646f4ef5875","true","projects/ia-sport/locations/europe-west9/jobs/iasv-recorder/executions/iasv-recorder-gnqtc","2026-06-14T16:46:13.582271Z","2026-06-14T16:58:54.123608Z","tmp/hikconnect/hls/93ffda7b9320835bc0d2.mp4"
"0e60f9b9-083e-4193-b5e7-fff6cf6199e7","15fe6e6f45ada5430df4","bcd12b65-a5e1-4c4c-bc8c-f89ec67e5d2a","f2673f422d8e4830b5a3be77c39cfdf2","d02da586e1174bb3b0c077971e565589","FOOTBALL CLUB MIRAMAS","FOOTBALL CLUB MIRAMAS","FOOTBALL CLUB MIRAMAS 0 - 0 FOOTBALL CLUB MIRAMAS.mp4","2026-06-14T16:37:01Z","2026-06-14T16:45:19Z","498","COMPLET","","","","FOOTBALL CLUB MIRAMAS/FOOTBALL CLUB MIRAMAS 0 - 0 FOOTBALL CLUB MIRAMAS.mp4","https://storage.googleapis.com/ia-sport.appspot.com/FOOTBALL%20CLUB%20MIRAMAS/FOOTBALL%20CLUB%20MIRAMAS%200%20-%200%20FOOTBALL%20CLUB%20MIRAMAS.mp4","","2026-06-14T16:37:03.800942Z","2026-06-14T16:45:33.94872Z","hls","COMPLETED","","2026-06-14T18:37:01+02:00","","+02:00","","0","","","true","{""label"": ""FOOTBALL CLUB MIRAMAS 0 - 0 FOOTBALL CLUB MIRAMAS"", ""directory"": ""FOOTBALL CLUB MIRAMAS"", ""awayLogoUrl"": ""https://cdn-transverse.azureedge.net/phlogos/BC582589.jpg"", ""homeLogoUrl"": ""https://cdn-transverse.azureedge.net/phlogos/BC582589.jpg"", ""combinedFilename"": ""0 - 0 FOOTBALL CLUB MIRAMAS.png""}","","false","FX4061100","https://vtmcdsfra.ezvizlife.com:8883/v3/openlive/FX4061100_1_1.m3u8?expire=1781462223&id=986429095681843200&c=e260249058&t=dc7a986746416e418ea430979317fdf058c91cab17572bc2e0e6cc5b2be87c4d&ev=100&u=b8ac0251d0d94eb6a2958e2ada01cea1","true","projects/ia-sport/locations/europe-west9/jobs/iasv-recorder/executions/iasv-recorder-4h5rm","2026-06-14T16:37:04.164516Z","2026-06-14T16:45:29.578436Z","tmp/hikconnect/hls/15fe6e6f45ada5430df4.mp4"
"ae918914-a33c-42ea-a05c-e71bca947376","f9598b6a14e7fc2226ad","bcd12b65-a5e1-4c4c-bc8c-f89ec67e5d2a","f2673f422d8e4830b5a3be77c39cfdf2","d02da586e1174bb3b0c077971e565589","FOOTBALL CLUB MIRAMAS","FOOTBALL CLUB MIRAMAS","FOOTBALL CLUB MIRAMAS 0 - 2 FOOTBALL CLUB MIRAMAS.mp4","2026-06-14T14:14:33Z","2026-06-14T14:27:17Z","","INTERROMPU","","","","FOOTBALL CLUB MIRAMAS/FOOTBALL CLUB MIRAMAS 0 - 2 FOOTBALL CLUB MIRAMAS.mp4","","Remplacé par un nouvel enregistrement","2026-06-14T14:14:35.998262Z","2026-06-14T16:37:03.670318Z","hls","FAILED","","2026-06-14T16:14:33+02:00","","+02:00","","0","","","true","{""label"": ""FOOTBALL CLUB MIRAMAS 0 - 2 FOOTBALL CLUB MIRAMAS"", ""directory"": ""FOOTBALL CLUB MIRAMAS"", ""awayLogoUrl"": ""https://cdn-transverse.azureedge.net/phlogos/BC582589.jpg"", ""homeLogoUrl"": ""https://cdn-transverse.azureedge.net/phlogos/BC582589.jpg"", ""combinedFilename"": ""0 - 2 FOOTBALL CLUB MIRAMAS.png""}","","false","FX4061100","https://vtmcdsfra.ezvizlife.com:8883/v3/openlive/FX4061100_1_1.m3u8?expire=1781453675&id=986393243698208768&c=e260249058&t=915d3d60c7c3814d81ed98e444f14086d99c72d397632b4cef863fc7749393a6&ev=100&u=d58004aceecc4d559ccc44b5e357f1f7","true","projects/ia-sport/locations/europe-west9/jobs/iasv-recorder/executions/iasv-recorder-cxjsf","2026-06-14T14:14:36.396609Z","2026-06-14T14:27:25.214462Z","tmp/hikconnect/hls/f9598b6a14e7fc2226ad.mp4"
"c50745dd-6be5-4728-9cf7-fb478874f716","7e3c82f0525199da9a0c","bcd12b65-a5e1-4c4c-bc8c-f89ec67e5d2a","f2673f422d8e4830b5a3be77c39cfdf2","d02da586e1174bb3b0c077971e565589","FOOTBALL CLUB MIRAMAS","FOOTBALL CLUB MIRAMAS","FOOTBALL CLUB MIRAMAS 0 - 1 FOOTBALL CLUB MIRAMAS.mp4","2026-06-14T14:05:59Z","2026-06-14T14:14:02Z","483","COMPLET","","","","FOOTBALL CLUB MIRAMAS/FOOTBALL CLUB MIRAMAS 0 - 1 FOOTBALL CLUB MIRAMAS.mp4","https://storage.googleapis.com/ia-sport.appspot.com/FOOTBALL%20CLUB%20MIRAMAS/FOOTBALL%20CLUB%20MIRAMAS%200%20-%201%20FOOTBALL%20CLUB%20MIRAMAS.mp4","","2026-06-14T14:06:01.270307Z","2026-06-14T14:14:16.251929Z","hls","COMPLETED","","2026-06-14T16:05:59+02:00","","+02:00","","0","","","true","{""label"": ""FOOTBALL CLUB MIRAMAS 0 - 1 FOOTBALL CLUB MIRAMAS"", ""directory"": ""FOOTBALL CLUB MIRAMAS"", ""awayLogoUrl"": ""https://cdn-transverse.azureedge.net/phlogos/BC582589.jpg"", ""homeLogoUrl"": ""https://cdn-transverse.azureedge.net/phlogos/BC582589.jpg"", ""combinedFilename"": ""0 - 1 FOOTBALL CLUB MIRAMAS.png""}","","false","FX4061100","https://vtmcdsfra.ezvizlife.com:8883/v3/openlive/FX4061100_1_1.m3u8?expire=1781453160&id=986391085138149376&c=e260249058&t=9762e639b1fb25ca90a93c0f66cf9b5729bfc0d08db34734e8c20527136eddb8&ev=100&u=56a1d12da626404aaa33ff3bb56c1d45","true","projects/ia-sport/locations/europe-west9/jobs/iasv-recorder/executions/iasv-recorder-p849l","2026-06-14T14:06:01.660993Z","2026-06-14T14:14:11.213863Z","tmp/hikconnect/hls/7e3c82f0525199da9a0c.mp4"
"cee55b5d-f2c7-4822-a7f9-9e2e5ae03771","5febd66667a2b2bc7c1d","bcd12b65-a5e1-4c4c-bc8c-f89ec67e5d2a","f2673f422d8e4830b5a3be77c39cfdf2","d02da586e1174bb3b0c077971e565589","FOOTBALL CLUB MIRAMAS","FOOTBALL CLUB MIRAMAS","FOOTBALL CLUB MIRAMAS 3 - 0 FOOTBALL CLUB MIRAMAS.mp4","2026-06-14T12:57:18Z","2026-06-14T12:58:25Z","67","COMPLET","","","","FOOTBALL CLUB MIRAMAS/FOOTBALL CLUB MIRAMAS 3 - 0 FOOTBALL CLUB MIRAMAS.mp4","https://storage.googleapis.com/ia-sport.appspot.com/FOOTBALL%20CLUB%20MIRAMAS/FOOTBALL%20CLUB%20MIRAMAS%203%20-%200%20FOOTBALL%20CLUB%20MIRAMAS.mp4","","2026-06-14T12:57:20.878365Z","2026-06-14T12:58:31.144818Z","hls","COMPLETED","","2026-06-14T14:57:18+02:00","","+02:00","","0","","","true","{""label"": ""FOOTBALL CLUB MIRAMAS 3 - 0 FOOTBALL CLUB MIRAMAS"", ""directory"": ""FOOTBALL CLUB MIRAMAS"", ""awayLogoUrl"": ""https://cdn-transverse.azureedge.net/phlogos/BC582589.jpg"", ""homeLogoUrl"": ""https://cdn-transverse.azureedge.net/phlogos/BC582589.jpg"", ""combinedFilename"": ""3 - 0 FOOTBALL CLUB MIRAMAS.png""}","","false","FX4061100","https://vtmcdsfra.ezvizlife.com:8883/v3/openlive/FX4061100_1_1.m3u8?expire=1781449040&id=986373802575859712&c=e260249058&t=933a37fc4c4dad5def6509cbd260ee44795911b88925ae52f61cb439a55715c5&ev=100&u=a0d534267be848659d51885a7cabbaf6","true","projects/ia-sport/locations/europe-west9/jobs/iasv-recorder/executions/iasv-recorder-vf9k8","2026-06-14T12:57:21.229839Z","2026-06-14T12:58:28.88605Z","tmp/hikconnect/hls/5febd66667a2b2bc7c1d.mp4"
"52cccaf8-6cdb-4f3e-9361-efa68eca5d0c","238f2db863dc1c45fe0a","bcd12b65-a5e1-4c4c-bc8c-f89ec67e5d2a","f2673f422d8e4830b5a3be77c39cfdf2","d02da586e1174bb3b0c077971e565589","FOOTBALL CLUB MIRAMAS","FOOTBALL CLUB MIRAMAS","FOOTBALL CLUB MIRAMAS 2 - 0 FOOTBALL CLUB MIRAMAS.mp4","2026-06-14T12:17:29Z","2026-06-14T12:32:41Z","","INTERROMPU","","","","FOOTBALL CLUB MIRAMAS/FOOTBALL CLUB MIRAMAS 2 - 0 FOOTBALL CLUB MIRAMAS.mp4","","Remplacé par un nouvel enregistrement","2026-06-14T12:17:32.575636Z","2026-06-14T12:57:20.795215Z","hls","FAILED","","2026-06-14T14:17:29+02:00","","+02:00","","0","","","true","{""label"": ""FOOTBALL CLUB MIRAMAS 2 - 0 FOOTBALL CLUB MIRAMAS"", ""directory"": ""FOOTBALL CLUB MIRAMAS"", ""awayLogoUrl"": ""https://cdn-transverse.azureedge.net/phlogos/BC582589.jpg"", ""homeLogoUrl"": ""https://cdn-transverse.azureedge.net/phlogos/BC582589.jpg"", ""combinedFilename"": ""2 - 0 FOOTBALL CLUB MIRAMAS.png""}","","false","FX4061100","https://vtmcdsfra.ezvizlife.com:8883/v3/openlive/FX4061100_1_1.m3u8?expire=1781446652&id=986363785372155904&c=e260249058&t=d7715c9fd261bde1ca4740c7319477407a41b5b95f04db6ff3053377faf34d7e&ev=100&u=9ffeba5e9f1a4710a8ce83ad96b5dbc0","true","projects/ia-sport/locations/europe-west9/jobs/iasv-recorder/executions/iasv-recorder-kbjf5","2026-06-14T12:17:32.960955Z","2026-06-14T12:32:51.021386Z","tmp/hikconnect/hls/238f2db863dc1c45fe0a.mp4"
"7635be50-11a6-4fc4-88d0-19b346885177","c755c6de2fc1c36c6b18","bcd12b65-a5e1-4c4c-bc8c-f89ec67e5d2a","f2673f422d8e4830b5a3be77c39cfdf2","d02da586e1174bb3b0c077971e565589","FOOTBALL CLUB MIRAMAS","FOOTBALL CLUB MIRAMAS","FOOTBALL CLUB MIRAMAS 0 - 0 FOOTBALL CLUB MIRAMAS.mp4","2026-06-14T11:50:52Z","2026-06-14T12:08:30Z","","INTERROMPU","","","","FOOTBALL CLUB MIRAMAS/FOOTBALL CLUB MIRAMAS 0 - 0 FOOTBALL CLUB MIRAMAS.mp4","","Remplacé par un nouvel enregistrement","2026-06-14T11:50:54.518836Z","2026-06-14T12:17:32.463882Z","hls","FAILED","","2026-06-14T13:50:52+02:00","","+02:00","","0","","","true","{""label"": ""FOOTBALL CLUB MIRAMAS 0 - 0 FOOTBALL CLUB MIRAMAS"", ""directory"": ""FOOTBALL CLUB MIRAMAS"", ""awayLogoUrl"": ""https://cdn-transverse.azureedge.net/phlogos/BC582589.jpg"", ""homeLogoUrl"": ""https://cdn-transverse.azureedge.net/phlogos/BC582589.jpg"", ""combinedFilename"": ""0 - 0 FOOTBALL CLUB MIRAMAS.png""}","","false","FX4061100","https://vtmcdsfra.ezvizlife.com:8883/v3/openlive/FX4061100_1_1.m3u8?expire=1781445054&id=986357082970492928&c=e260249058&t=b31f26ccb6b65c3fdf960dacf02e32848f7ee6525ed9671735e3d94d003ece7a&ev=100&u=adb0ca2dbfff414e9032990f2bec080f","true","projects/ia-sport/locations/europe-west9/jobs/iasv-recorder/executions/iasv-recorder-xbdkl","2026-06-14T11:50:54.861999Z","2026-06-14T12:08:33.006786Z","tmp/hikconnect/hls/c755c6de2fc1c36c6b18.mp4"
"3eb9fdc9-6bf5-47f2-a92e-ea99dd68749f","ba8938be765207f3242b","bcd12b65-a5e1-4c4c-bc8c-f89ec67e5d2a","f2673f422d8e4830b5a3be77c39cfdf2","d02da586e1174bb3b0c077971e565589","FOOTBALL CLUB MIRAMAS","FOOTBALL CLUB MIRAMAS","FOOTBALL CLUB MIRAMAS 0 - 7 FOOTBALL CLUB MIRAMAS.mp4","2026-06-14T10:54:45Z","2026-06-14T11:00:25Z","340","COMPLET","","","","FOOTBALL CLUB MIRAMAS/FOOTBALL CLUB MIRAMAS 0 - 7 FOOTBALL CLUB MIRAMAS.mp4","https://storage.googleapis.com/ia-sport.appspot.com/FOOTBALL%20CLUB%20MIRAMAS/FOOTBALL%20CLUB%20MIRAMAS%200%20-%207%20FOOTBALL%20CLUB%20MIRAMAS.mp4","","2026-06-14T10:54:48.019631Z","2026-06-14T11:00:30.579366Z","hls","COMPLETED","","2026-06-14T12:54:45+02:00","","+02:00","","0","","","true","{""label"": ""FOOTBALL CLUB MIRAMAS 0 - 7 FOOTBALL CLUB MIRAMAS"", ""directory"": ""FOOTBALL CLUB MIRAMAS"", ""awayLogoUrl"": ""https://cdn-transverse.azureedge.net/phlogos/BC582589.jpg"", ""homeLogoUrl"": ""https://cdn-transverse.azureedge.net/phlogos/BC582589.jpg"", ""combinedFilename"": ""0 - 7 FOOTBALL CLUB MIRAMAS.png""}","","false","FX4061100","https://vtmcdsfra.ezvizlife.com:8883/v3/openlive/FX4061100_1_1.m3u8?expire=1781441687&id=986342962576277504&c=e260249058&t=30a97129dcaf166c3a7d1b417af07fac33a0eb288a0f08e406a7deec65d72bd9&ev=100&u=1b112037d98b44ab902c6b1ebce94972","true","projects/ia-sport/locations/europe-west9/jobs/iasv-recorder/executions/iasv-recorder-dxv7h","2026-06-14T10:54:48.375705Z","2026-06-14T11:00:26.851154Z","tmp/hikconnect/hls/ba8938be765207f3242b.mp4"
"12890821-e46b-40c1-bde8-61237b26b0d7","0fb7756a6fcda0a12e8e","bcd12b65-a5e1-4c4c-bc8c-f89ec67e5d2a","f2673f422d8e4830b5a3be77c39cfdf2","d02da586e1174bb3b0c077971e565589","ZZ_TEST_HLS","HLS Faststart","ZZ_TEST_HLS 3 - 0 HLS Faststart.mp4","2026-06-14T10:49:03Z","2026-06-14T10:49:08Z","5","COMPLET","","","","ZZ_TEST_HLS/ZZ_TEST_HLS 3 - 0 HLS Faststart.mp4","https://storage.googleapis.com/ia-sport.appspot.com/ZZ_TEST_HLS/ZZ_TEST_HLS%203%20-%200%20HLS%20Faststart.mp4","","2026-06-14T10:49:04.804117Z","2026-06-14T10:49:29.400975Z","hls","COMPLETED","","2026-06-14T10:49:03+00:00","","+00:00","","0","","","false","{""label"": null, ""directory"": ""ZZ_TEST_HLS"", ""awayLogoUrl"": null, ""homeLogoUrl"": null, ""combinedFilename"": null}","","false","FX4061100","https://vtmcdsfra.ezvizlife.com:8883/v3/openlive/FX4061100_1_1.m3u8?expire=1781441344&id=986341521910292480&c=e260249058&t=c0c2b8e98c7562c5189b76190436f3d3943bbcc1a00294cf80f4e825f37f71d4&ev=100&u=42f74084b0644bf198a240b5ec4d8c8e","true","projects/ia-sport/locations/europe-west9/jobs/iasv-recorder/executions/iasv-recorder-ft45f","2026-06-14T10:49:05.126047Z","2026-06-14T10:49:28.271524Z","tmp/hikconnect/hls/0fb7756a6fcda0a12e8e.mp4"
"bbf61c89-8a4a-4340-8cda-f45b8f07958a","10ff7903f356b6ed7130","bcd12b65-a5e1-4c4c-bc8c-f89ec67e5d2a","f2673f422d8e4830b5a3be77c39cfdf2","d02da586e1174bb3b0c077971e565589","ZZ_TEST_HLS","HLS Faststart","ZZ_TEST_HLS 2 - 0 HLS Faststart.mp4","2026-06-14T10:43:07Z","2026-06-14T10:43:32Z","25","INTERROMPU","","","","ZZ_TEST_HLS/ZZ_TEST_HLS 2 - 0 HLS Faststart.mp4","","Capture vide ou échec ffmpeg (code=255, bytes=2406915)","2026-06-14T10:43:19.789277Z","2026-06-14T10:43:47.194555Z","hls","FAILED","","2026-06-14T10:43:07+00:00","","+00:00","","0","","","false","{""label"": null, ""directory"": ""ZZ_TEST_HLS"", ""awayLogoUrl"": null, ""homeLogoUrl"": null, ""combinedFilename"": null}","","false","FX4061100","https://vtmcdsfra.ezvizlife.com:8883/v3/openlive/FX4061100_1_1.m3u8?expire=1781440990&id=986340039027019776&c=e260249058&t=3a2346dba51d840d8e9355d2020036ba28978b480ad0ed4c53c7af27648eea20&ev=100&u=5cb25f2615d94bcc9015169aeec566b1","true","projects/ia-sport/locations/europe-west9/jobs/iasv-recorder/executions/iasv-recorder-9dsmc","2026-06-14T10:43:20.168176Z","2026-06-14T10:43:46.286933Z","tmp/hikconnect/hls/10ff7903f356b6ed7130.mp4"
"6b844232-a3e2-41af-b362-406a91f94176","8a3829096ad740993035","bcd12b65-a5e1-4c4c-bc8c-f89ec67e5d2a","f2673f422d8e4830b5a3be77c39cfdf2","d02da586e1174bb3b0c077971e565589","FOOTBALL CLUB MIRAMAS","FOOTBALL CLUB MIRAMAS","FOOTBALL CLUB MIRAMAS 0 - 1 FOOTBALL CLUB MIRAMAS.mp4","2026-06-14T09:26:25Z","2026-06-14T09:31:38Z","313","COMPLET","","","","FOOTBALL CLUB MIRAMAS/FOOTBALL CLUB MIRAMAS 0 - 1 FOOTBALL CLUB MIRAMAS.mp4","https://storage.googleapis.com/ia-sport.appspot.com/FOOTBALL%20CLUB%20MIRAMAS/FOOTBALL%20CLUB%20MIRAMAS%200%20-%201%20FOOTBALL%20CLUB%20MIRAMAS.mp4","","2026-06-14T09:26:27.986458Z","2026-06-14T09:31:50.039557Z","hls","COMPLETED","","2026-06-14T11:26:25+02:00","","+02:00","","0","","","true","{""label"": ""FOOTBALL CLUB MIRAMAS 0 - 1 FOOTBALL CLUB MIRAMAS"", ""directory"": ""FOOTBALL CLUB MIRAMAS"", ""awayLogoUrl"": ""https://cdn-transverse.azureedge.net/phlogos/BC582589.jpg"", ""homeLogoUrl"": ""https://cdn-transverse.azureedge.net/phlogos/BC582589.jpg"", ""combinedFilename"": ""0 - 1 FOOTBALL CLUB MIRAMAS.png""}","","false","FX4061100","https://vtmcdsfra.ezvizlife.com:8883/v3/openlive/FX4061100_1_1.m3u8?expire=1781436387&id=986320732319236096&c=e260249058&t=bb9c13f729187eb53c72e31d940dc0bc797d09e1c758c307e450c0b73176216c&ev=100&u=97d1077e1c5b4ec898031157fc21f375","true","projects/ia-sport/locations/europe-west9/jobs/iasv-recorder/executions/iasv-recorder-hk2lg","2026-06-14T09:26:28.387279Z","2026-06-14T09:31:48.280262Z","tmp/hikconnect/hls/8a3829096ad740993035.mp4"
"98cb3fdd-e5c7-4f75-89b8-1f87d4630102","1d3e1a234797b1937cc6","bcd12b65-a5e1-4c4c-bc8c-f89ec67e5d2a","f2673f422d8e4830b5a3be77c39cfdf2","d02da586e1174bb3b0c077971e565589","FOOTBALL CLUB MIRAMAS","FOOTBALL CLUB MIRAMAS","FOOTBALL CLUB MIRAMAS 2 - 0 FOOTBALL CLUB MIRAMAS.mp4","2026-06-14T00:22:15Z","2026-06-14T00:23:09Z","54","COMPLET","","","","FOOTBALL CLUB MIRAMAS/FOOTBALL CLUB MIRAMAS 2 - 0 FOOTBALL CLUB MIRAMAS.mp4","https://storage.googleapis.com/ia-sport.appspot.com/FOOTBALL%20CLUB%20MIRAMAS/FOOTBALL%20CLUB%20MIRAMAS%202%20-%200%20FOOTBALL%20CLUB%20MIRAMAS.mp4","","2026-06-14T00:22:18.033974Z","2026-06-14T00:23:17.545628Z","hls","COMPLETED","","2026-06-14T02:22:15+02:00","","+02:00","","0","","","true","{""label"": ""FOOTBALL CLUB MIRAMAS 2 - 0 FOOTBALL CLUB MIRAMAS"", ""directory"": ""FOOTBALL CLUB MIRAMAS"", ""awayLogoUrl"": ""https://cdn-transverse.azureedge.net/phlogos/BC582589.jpg"", ""homeLogoUrl"": ""https://cdn-transverse.azureedge.net/phlogos/BC582589.jpg"", ""combinedFilename"": ""2 - 0 FOOTBALL CLUB MIRAMAS.png""}","","false","FX4061100","https://vtmcdsfra.ezvizlife.com:8883/v3/openlive/FX4061100_1_1.m3u8?expire=1781403737&id=986183787034169344&c=e260249058&t=485a271c08fca4c4f9a12e9a63d138d00addad1251b7d7b5f15aac8315f9ca4c&ev=100&u=7bac3414b0294327831b3724d5045e30","true","projects/ia-sport/locations/europe-west9/jobs/iasv-recorder/executions/iasv-recorder-ldkd4","2026-06-14T00:22:18.359671Z","2026-06-14T00:23:16.61427Z","tmp/hikconnect/hls/1d3e1a234797b1937cc6.mp4"
"384d2ca9-0c2b-4188-91d5-2cc7c17f9eb1","4466bb7789f758f27eb2","bcd12b65-a5e1-4c4c-bc8c-f89ec67e5d2a","f2673f422d8e4830b5a3be77c39cfdf2","d02da586e1174bb3b0c077971e565589","FOOTBALL CLUB MIRAMAS","FOOTBALL CLUB MIRAMAS","FOOTBALL CLUB MIRAMAS 1 - 0 FOOTBALL CLUB MIRAMAS.mp4","2026-06-14T00:19:46Z","2026-06-14T00:21:00Z","74","COMPLET","","","","FOOTBALL CLUB MIRAMAS/FOOTBALL CLUB MIRAMAS 1 - 0 FOOTBALL CLUB MIRAMAS.mp4","https://storage.googleapis.com/ia-sport.appspot.com/FOOTBALL%20CLUB%20MIRAMAS/FOOTBALL%20CLUB%20MIRAMAS%201%20-%200%20FOOTBALL%20CLUB%20MIRAMAS.mp4","","2026-06-14T00:19:48.228921Z","2026-06-14T00:21:07.843564Z","hls","COMPLETED","","2026-06-14T02:19:46+02:00","","+02:00","","0","","","true","{""label"": ""FOOTBALL CLUB MIRAMAS 1 - 0 FOOTBALL CLUB MIRAMAS"", ""directory"": ""FOOTBALL CLUB MIRAMAS"", ""awayLogoUrl"": ""https://cdn-transverse.azureedge.net/phlogos/BC582589.jpg"", ""homeLogoUrl"": ""https://cdn-transverse.azureedge.net/phlogos/BC582589.jpg"", ""combinedFilename"": ""1 - 0 FOOTBALL CLUB MIRAMAS.png""}","","false","FX4061100","https://vtmcdsfra.ezvizlife.com:8883/v3/openlive/FX4061100_1_1.m3u8?expire=1781403587&id=986183160772612096&c=e260249058&t=9fa48501032835c5c73538c32b6c362cd8cc01c7bb50f7e8c2f826ea5f260da4&ev=100&u=205a2b5dac8c497caa4f420d6a2b02b8","true","projects/ia-sport/locations/europe-west9/jobs/iasv-recorder/executions/iasv-recorder-7hd4k","2026-06-14T00:19:48.644792Z","2026-06-14T00:21:06.618177Z","tmp/hikconnect/hls/4466bb7789f758f27eb2.mp4"
"1abdbfda-2b18-4ef5-a8d6-ed83350ca2bc","9be44a74a15a15ed2b65","bcd12b65-a5e1-4c4c-bc8c-f89ec67e5d2a","f2673f422d8e4830b5a3be77c39cfdf2","d02da586e1174bb3b0c077971e565589","FOOTBALL CLUB MIRAMAS","FOOTBALL CLUB MIRAMAS","FOOTBALL CLUB MIRAMAS 0 - 0 FOOTBALL CLUB MIRAMAS.mp4","2026-06-13T20:55:07Z","2026-06-13T20:55:24Z","17","COMPLET","","","","FOOTBALL CLUB MIRAMAS/FOOTBALL CLUB MIRAMAS 0 - 0 FOOTBALL CLUB MIRAMAS.mp4","https://storage.googleapis.com/ia-sport.appspot.com/FOOTBALL%20CLUB%20MIRAMAS/FOOTBALL%20CLUB%20MIRAMAS%200%20-%200%20FOOTBALL%20CLUB%20MIRAMAS.mp4","","2026-06-13T20:55:09.789975Z","2026-06-13T20:55:29.275773Z","hls","COMPLETED","","2026-06-13T22:55:07+02:00","","+02:00","","0","","","true","{""label"": ""FOOTBALL CLUB MIRAMAS 0 - 0 FOOTBALL CLUB MIRAMAS"", ""directory"": ""FOOTBALL CLUB MIRAMAS"", ""awayLogoUrl"": ""https://cdn-transverse.azureedge.net/phlogos/BC582589.jpg"", ""homeLogoUrl"": ""https://cdn-transverse.azureedge.net/phlogos/BC582589.jpg"", ""combinedFilename"": ""0 - 0 FOOTBALL CLUB MIRAMAS.png""}","","false","FX4061100","https://vtmcdsfra.ezvizlife.com:8883/v3/openlive/FX4061100_1_1.m3u8?expire=1781391309&id=986131661293211648&c=e260249058&t=c9f24d5768ba90c92151cdb7f05eaa2935d190322511ab631c53a2027bf851ab&ev=100&u=0d603fe3db9345809ce882d45a604e51","true","projects/ia-sport/locations/europe-west9/jobs/iasv-recorder/executions/iasv-recorder-ztm6d","2026-06-13T20:55:10.207503Z","2026-06-13T20:55:28.299224Z","tmp/hikconnect/hls/9be44a74a15a15ed2b65.mp4"
"fb008f08-893c-4e45-bbec-7e19c2b2061d","554ce62476d105ed63b1","bcd12b65-a5e1-4c4c-bc8c-f89ec67e5d2a","f2673f422d8e4830b5a3be77c39cfdf2","d02da586e1174bb3b0c077971e565589","FOOTBALL CLUB MIRAMAS","FOOTBALL CLUB MIRAMAS","FOOTBALL CLUB MIRAMAS 0 - 2 FOOTBALL CLUB MIRAMAS.mp4","2026-06-13T20:26:23Z","2026-06-13T20:26:39Z","16","COMPLET","","","","FOOTBALL CLUB MIRAMAS/FOOTBALL CLUB MIRAMAS 0 - 2 FOOTBALL CLUB MIRAMAS.mp4","https://storage.googleapis.com/ia-sport.appspot.com/FOOTBALL%20CLUB%20MIRAMAS/FOOTBALL%20CLUB%20MIRAMAS%200%20-%202%20FOOTBALL%20CLUB%20MIRAMAS.mp4","","2026-06-13T20:26:25.084977Z","2026-06-13T20:26:44.715834Z","hls","COMPLETED","","2026-06-13T22:26:23+02:00","","+02:00","","0","","","true","{""label"": ""FOOTBALL CLUB MIRAMAS 0 - 2 FOOTBALL CLUB MIRAMAS"", ""directory"": ""FOOTBALL CLUB MIRAMAS"", ""awayLogoUrl"": ""https://cdn-transverse.azureedge.net/phlogos/BC582589.jpg"", ""homeLogoUrl"": ""https://cdn-transverse.azureedge.net/phlogos/BC582589.jpg"", ""combinedFilename"": ""0 - 2 FOOTBALL CLUB MIRAMAS.png""}","","false","FX4061100","https://vtmcdsfra.ezvizlife.com:8883/v3/openlive/FX4061100_1_1.m3u8?expire=1781389584&id=986124427182333952&c=e260249058&t=314bead3411a5a088cc45203f2bb5990c9891ac52ab7be1100809f39d093acd0&ev=100&u=4eceb9047c184821b1adc9599485edf3","true","projects/ia-sport/locations/europe-west9/jobs/iasv-recorder/executions/iasv-recorder-pb6rw","2026-06-13T20:26:25.451996Z","2026-06-13T20:26:44.076805Z","tmp/hikconnect/hls/554ce62476d105ed63b1.mp4"
"9dcf80e3-9576-47fa-b2db-f81c88f4e365","e3aeaaaa0d12e4ae9773","bcd12b65-a5e1-4c4c-bc8c-f89ec67e5d2a","f2673f422d8e4830b5a3be77c39cfdf2","d02da586e1174bb3b0c077971e565589","FOOTBALL CLUB MIRAMAS","FOOTBALL CLUB MIRAMAS","FOOTBALL CLUB MIRAMAS 0 - 1 FOOTBALL CLUB MIRAMAS.mp4","2026-06-13T20:22:48Z","2026-06-13T20:23:08Z","20","COMPLET","","","","FOOTBALL CLUB MIRAMAS/FOOTBALL CLUB MIRAMAS 0 - 1 FOOTBALL CLUB MIRAMAS.mp4","https://storage.googleapis.com/ia-sport.appspot.com/FOOTBALL%20CLUB%20MIRAMAS/FOOTBALL%20CLUB%20MIRAMAS%200%20-%201%20FOOTBALL%20CLUB%20MIRAMAS.mp4","","2026-06-13T20:22:50.856183Z","2026-06-13T20:23:20.061769Z","hls","COMPLETED","","2026-06-13T22:22:48+02:00","","+02:00","","0","","","true","{""label"": ""FOOTBALL CLUB MIRAMAS 0 - 1 FOOTBALL CLUB MIRAMAS"", ""directory"": ""FOOTBALL CLUB MIRAMAS"", ""awayLogoUrl"": ""https://cdn-transverse.azureedge.net/phlogos/BC582589.jpg"", ""homeLogoUrl"": ""https://cdn-transverse.azureedge.net/phlogos/BC582589.jpg"", ""combinedFilename"": ""0 - 1 FOOTBALL CLUB MIRAMAS.png""}","","false","FX4061100","https://vtmcdsfra.ezvizlife.com:8883/v3/openlive/FX4061100_1_1.m3u8?expire=1781389370&id=986123528539086848&c=e260249058&t=fa3637bac8e7c9c619fafcf88ff51297bab85fcb05b5c49ae40061edbf8d0c00&ev=100&u=b64c2616feeb474b9eceea714c6a03aa","true","projects/ia-sport/locations/europe-west9/jobs/iasv-recorder/executions/iasv-recorder-qh7kq","2026-06-13T20:22:51.191886Z","2026-06-13T20:23:17.740672Z","tmp/hikconnect/hls/e3aeaaaa0d12e4ae9773.mp4"
"472ab41f-9a8b-4750-a7bc-24b8232efd85","7f470f844cbed9ebbacb","bcd12b65-a5e1-4c4c-bc8c-f89ec67e5d2a","f2673f422d8e4830b5a3be77c39cfdf2","d02da586e1174bb3b0c077971e565589","FOOTBALL CLUB MIRAMAS","FOOTBALL CLUB MIRAMAS","FOOTBALL CLUB MIRAMAS 0 - 0 FOOTBALL CLUB MIRAMAS.mp4","2026-06-13T20:11:56Z","2026-06-13T20:17:00Z","304","COMPLET","","","","FOOTBALL CLUB MIRAMAS/FOOTBALL CLUB MIRAMAS 0 - 0 FOOTBALL CLUB MIRAMAS.mp4","https://storage.googleapis.com/ia-sport.appspot.com/FOOTBALL%20CLUB%20MIRAMAS/FOOTBALL%20CLUB%20MIRAMAS%200%20-%200%20FOOTBALL%20CLUB%20MIRAMAS.mp4","","2026-06-13T20:11:59.011482Z","2026-06-13T20:17:12.436974Z","hls","COMPLETED","","2026-06-13T22:11:56+02:00","","+02:00","","0","","","true","{""label"": ""FOOTBALL CLUB MIRAMAS 0 - 0 FOOTBALL CLUB MIRAMAS"", ""directory"": ""FOOTBALL CLUB MIRAMAS"", ""awayLogoUrl"": ""https://cdn-transverse.azureedge.net/phlogos/BC582589.jpg"", ""homeLogoUrl"": ""https://cdn-transverse.azureedge.net/phlogos/BC582589.jpg"", ""combinedFilename"": ""0 - 0 FOOTBALL CLUB MIRAMAS.png""}","","false","FX4061100","https://vtmcdsfra.ezvizlife.com:8883/v3/openlive/FX4061100_1_1.m3u8?expire=1781388718&id=986120794608943104&c=e260249058&t=bf39bd09b88fd7ecea05c07a12543d3985c27a392ba3326666e5a82d89450633&ev=100&u=9ee1e844aa454fb28f0bcd2c0d6cb7f0","true","projects/ia-sport/locations/europe-west9/jobs/iasv-recorder/executions/iasv-recorder-g9lfx","2026-06-13T20:11:59.433797Z","2026-06-13T20:17:05.882845Z","tmp/hikconnect/hls/7f470f844cbed9ebbacb.mp4"
"a5361eb5-c24a-40b8-98e1-8321cd4d27e4","cd1f9717f2762b58f752","bcd12b65-a5e1-4c4c-bc8c-f89ec67e5d2a","f2673f422d8e4830b5a3be77c39cfdf2","d02da586e1174bb3b0c077971e565589","FOOTBALL CLUB MIRAMAS","FOOTBALL CLUB MIRAMAS","FOOTBALL CLUB MIRAMAS 0 - 4 FOOTBALL CLUB MIRAMAS.mp4","2026-06-13T18:35:41Z","2026-06-13T18:35:57Z","16","COMPLET","","","","FOOTBALL CLUB MIRAMAS/FOOTBALL CLUB MIRAMAS 0 - 4 FOOTBALL CLUB MIRAMAS.mp4","https://storage.googleapis.com/ia-sport.appspot.com/FOOTBALL%20CLUB%20MIRAMAS/FOOTBALL%20CLUB%20MIRAMAS%200%20-%204%20FOOTBALL%20CLUB%20MIRAMAS.mp4","","2026-06-13T18:35:44.028843Z","2026-06-13T18:36:02.640288Z","hls","COMPLETED","","2026-06-13T20:35:41+02:00","","+02:00","","0","","","true","{""label"": ""FOOTBALL CLUB MIRAMAS 0 - 4 FOOTBALL CLUB MIRAMAS"", ""directory"": ""FOOTBALL CLUB MIRAMAS"", ""awayLogoUrl"": ""https://cdn-transverse.azureedge.net/phlogos/BC582589.jpg"", ""homeLogoUrl"": ""https://cdn-transverse.azureedge.net/phlogos/BC582589.jpg"", ""combinedFilename"": ""0 - 4 FOOTBALL CLUB MIRAMAS.png""}","","false","FX4061100","https://vtmcdsfra.ezvizlife.com:8883/v3/openlive/FX4061100_1_1.m3u8?expire=1781382943&id=986096572624769024&c=e260249058&t=fabc68a01cb7042f95a760dc82ccd5a50e1d583a551c74078815ceae08065ba6&ev=100&u=9f119b96281340a5abe83db0dd25fa6a","true","projects/ia-sport/locations/europe-west9/jobs/iasv-recorder/executions/iasv-recorder-b5kw8","2026-06-13T18:35:44.430421Z","2026-06-13T18:36:01.710503Z","tmp/hikconnect/hls/cd1f9717f2762b58f752.mp4"
"08f7d4a2-e8f2-403f-8039-39d7d17ca9a4","6d9778baabfab9fe731a","bcd12b65-a5e1-4c4c-bc8c-f89ec67e5d2a","f2673f422d8e4830b5a3be77c39cfdf2","d02da586e1174bb3b0c077971e565589","FOOTBALL CLUB MIRAMAS","FOOTBALL CLUB MIRAMAS","FOOTBALL CLUB MIRAMAS 0 - 3 FOOTBALL CLUB MIRAMAS.mp4","2026-06-12T23:53:21Z","2026-06-13T01:53:21Z","7200","ERREUR","","","","FOOTBALL CLUB MIRAMAS/FOOTBALL CLUB MIRAMAS 0 - 3 FOOTBALL CLUB MIRAMAS.mp4","","EXPORTING: OpenAPI request failed: HTTP 200 / errorCode=OPEN000009","2026-06-12T23:53:21.038737Z","2026-06-13T01:54:07.990592Z","v2","FAILED","","2026-06-13T01:53:21+02:00","2026-06-13T03:53:21+02:00","+02:00","0","0","","","false","{""label"": ""FOOTBALL CLUB MIRAMAS 0 - 3 FOOTBALL CLUB MIRAMAS"", ""directory"": ""FOOTBALL CLUB MIRAMAS"", ""awayLogoUrl"": ""https://cdn-transverse.azureedge.net/phlogos/BC582589.jpg"", ""homeLogoUrl"": ""https://cdn-transverse.azureedge.net/phlogos/BC582589.jpg"", ""combinedFilename"": ""0 - 3 FOOTBALL CLUB MIRAMAS""}","","true","","","false","","","",""
"b2f9a6d2-b89e-43b5-b627-880126752816","71a7339c2919981ef935","bcd12b65-a5e1-4c4c-bc8c-f89ec67e5d2a","f2673f422d8e4830b5a3be77c39cfdf2","d02da586e1174bb3b0c077971e565589","FOOTBALL CLUB MIRAMAS","FOOTBALL CLUB MIRAMAS","FOOTBALL CLUB MIRAMAS 0 - 2 FOOTBALL CLUB MIRAMAS.mp4","2026-06-12T23:28:06Z","2026-06-12T23:38:37Z","631","COMPLET","","","","FOOTBALL CLUB MIRAMAS/FOOTBALL CLUB MIRAMAS 0 - 2 FOOTBALL CLUB MIRAMAS.mp4","https://storage.googleapis.com/ia-sport.appspot.com/FOOTBALL%20CLUB%20MIRAMAS/FOOTBALL%20CLUB%20MIRAMAS%200%20-%202%20FOOTBALL%20CLUB%20MIRAMAS.mp4","","2026-06-12T23:28:06.124322Z","2026-06-12T23:49:38.474368Z","v2","COMPLETED","f9be347a489840cd876724b110d10d4e#a07b463ab7ca457a8835bc755d310f80","2026-06-13T01:28:06+02:00","2026-06-13T01:38:37+02:00","+02:00","0","0","","","true","{""label"": ""FOOTBALL CLUB MIRAMAS 0 - 2 FOOTBALL CLUB MIRAMAS"", ""directory"": ""FOOTBALL CLUB MIRAMAS"", ""awayLogoUrl"": ""https://cdn-transverse.azureedge.net/phlogos/BC582589.jpg"", ""homeLogoUrl"": ""https://cdn-transverse.azureedge.net/phlogos/BC582589.jpg"", ""combinedFilename"": ""0 - 2 FOOTBALL CLUB MIRAMAS.png""}","https://eu-openteam.s3.eu-west-1.amazonaws.com/REC_FILES/5428f3744181461284437ea4e801df87/f9be347a489840cd876724b110d10d4e/FX4061100-1/a07b463ab7ca457a8835bc755d310f80_20260613T012806Z_20260613T013837Z.mp4?X-Amz-Algorithm=AWS4-HMAC-SHA256&X-Amz-Date=20260612T234913Z&X-Amz-SignedHeaders=host&X-Amz-Expires=3600&X-Amz-Credential=AKIAZGODXVYYB3U56N2B%2F20260612%2Feu-west-1%2Fs3%2Faws4_request&X-Amz-Signature=17c490b47b8b798c69d4d4309a525fb3885b3e5bc6d14551fe1d6c6f4b4cc95f","false","","","false","","","",""
"08384fd9-95ab-4a57-b816-b63ff389ba29","585406f5a806a8aa5097","bcd12b65-a5e1-4c4c-bc8c-f89ec67e5d2a","f2673f422d8e4830b5a3be77c39cfdf2","d02da586e1174bb3b0c077971e565589","FOOTBALL CLUB MIRAMAS","FOOTBALL CLUB MIRAMAS","FOOTBALL CLUB MIRAMAS 0 - 1 FOOTBALL CLUB MIRAMAS.mp4","2026-06-12T23:26:18Z","2026-06-12T23:26:31Z","13","COMPLET","","","","FOOTBALL CLUB MIRAMAS/FOOTBALL CLUB MIRAMAS 0 - 1 FOOTBALL CLUB MIRAMAS.mp4","https://storage.googleapis.com/ia-sport.appspot.com/FOOTBALL%20CLUB%20MIRAMAS/FOOTBALL%20CLUB%20MIRAMAS%200%20-%201%20FOOTBALL%20CLUB%20MIRAMAS.mp4","","2026-06-12T23:26:17.610129Z","2026-06-12T23:27:13.379684Z","v2","COMPLETED","f9be347a489840cd876724b110d10d4e#80b92faaa7314fb1a87322ac5faefe5d","2026-06-13T01:26:18+02:00","2026-06-13T01:26:31+02:00","+02:00","0","0","","","true","{""label"": ""FOOTBALL CLUB MIRAMAS 0 - 1 FOOTBALL CLUB MIRAMAS"", ""directory"": ""FOOTBALL CLUB MIRAMAS"", ""awayLogoUrl"": ""https://cdn-transverse.azureedge.net/phlogos/BC582589.jpg"", ""homeLogoUrl"": ""https://cdn-transverse.azureedge.net/phlogos/BC582589.jpg"", ""combinedFilename"": ""0 - 1 FOOTBALL CLUB MIRAMAS.png""}","https://eu-openteam.s3.eu-west-1.amazonaws.com/REC_FILES/5428f3744181461284437ea4e801df87/f9be347a489840cd876724b110d10d4e/FX4061100-1/80b92faaa7314fb1a87322ac5faefe5d_20260613T012618Z_20260613T012631Z.mp4?X-Amz-Algorithm=AWS4-HMAC-SHA256&X-Amz-Date=20260612T232708Z&X-Amz-SignedHeaders=host&X-Amz-Expires=3600&X-Amz-Credential=AKIAZGODXVYYB3U56N2B%2F20260612%2Feu-west-1%2Fs3%2Faws4_request&X-Amz-Signature=545b0906c2ad84094a00b9632869129a6ac17307a89e9e4ca7040aed8c637df6","false","","","false","","","",""
"574a4cb0-580e-47ad-9b18-7faa2e10ad8f","edd82eaddafb1385bbb7","bcd12b65-a5e1-4c4c-bc8c-f89ec67e5d2a","f2673f422d8e4830b5a3be77c39cfdf2","d02da586e1174bb3b0c077971e565589","FOOTBALL CLUB MIRAMAS","FOOTBALL CLUB MIRAMAS","0 - 1 FOOTBALL CLUB MIRAMAS","2026-06-12T08:21:05Z","2026-06-12T08:32:20.196862Z","","ERREUR","2026-06-12T08:32:20.196862Z","2026-06-12T08:32:20.196862Z","chunk_000004.mp4","","","Session abandonnee (merge OOM en boucle); nettoyee lors de la migration V2","2026-06-12T08:21:06.904669Z","2026-06-12T23:01:23.015466Z","v1","","","","","","","0","","","false","","","false","","","false","","","",""
"044745d9-e8c7-411d-817f-8c31ce27f11f","8ff3b98dcfb82453cc57","bcd12b65-a5e1-4c4c-bc8c-f89ec67e5d2a","f2673f422d8e4830b5a3be77c39cfdf2","d02da586e1174bb3b0c077971e565589","F.C. VIDAUBAN","F.C. VIDAUBAN","F.C. VIDAUBAN 0 - 0 F.C. VIDAUBAN.mp4","2026-06-11T00:16:40Z","2026-06-11T00:16:57Z","17","COMPLET","2026-06-11T00:17:19.616925Z","2026-06-11T00:17:19.616925Z","chunk_000000.mp4","F.C. VIDAUBAN/F.C. VIDAUBAN 0 - 0 F.C. VIDAUBAN.mp4","https://storage.googleapis.com/ia-sport.appspot.com/F.C.%20VIDAUBAN/F.C.%20VIDAUBAN%200%20-%200%20F.C.%20VIDAUBAN.mp4","","2026-06-11T00:16:40.979177Z","2026-06-11T00:17:19.671417Z","v1","","","","","","","0","","","false","","","false","","","false","","","",""
